{
  "labels_in_order": [
    "come",
    "idle",
    "phone",
    "play_phone",
    "stop",
    "wave"
  ],
  "label_to_number": {
    "come": 1,
    "idle": 2,
    "phone": 3,
    "play_phone": 4,
    "stop": 5,
    "wave": 6
  },
  "pose_dim": 165,
  "hand_dim": 126,
  "hand_mask_dim": 126,
  "model_type": "marker_temporal_rnn",
  "temporal_model": "gru",
  "base_feature_dim": 417,
  "feature_dim": 3336,
  "hidden": 256,
  "proj_dim": 128,
  "num_frames": 8,
  "feat_agg": "concat",
  "rnn_hidden": 192,
  "rnn_layers": 1,
  "bidirectional_rnn": false,
  "stride": 1,
  "metrics": {
    "train_acc": [
      0.4402545601763624,
      0.7896086637009966,
      0.8824088154955113,
      0.9494205941545203,
      0.9436740127015621,
      0.9617211260694138,
      0.9810505319148937,
      0.9644281914893617,
      0.9677051686226054,
      0.9900265957446809,
      0.9980053191489362,
      0.9996675531914894,
      1.0,
      1.0,
      1.0,
      1.0,
      1.0,
      0.9993351063829787,
      1.0,
      1.0
    ],
    "val_acc": [
      0.6701570749282837,
      0.7225130796432495,
      0.7198953032493591,
      0.7094240784645081,
      0.7670156955718994,
      0.7617800831794739,
      0.7251309156417847,
      0.7591623067855835,
      0.7905759215354919,
      0.7408376932144165,
      0.7565445303916931,
      0.7513089179992676,
      0.7696335315704346,
      0.782722532749176,
      0.7905759215354919,
      0.7801046967506409,
      0.782722532749176,
      0.7513089179992676,
      0.7853403091430664,
      0.782722532749176
    ],
    "train_loss": [
      1.3309651029870866,
      0.5194045159410923,
      0.30576998787991544,
      0.13545273486128512,
      0.1533310260385909,
      0.10810034060256278,
      0.052993906126853,
      0.11183246684835312,
      0.10012694079666695,
      0.031573135366148135,
      0.00546492862594413,
      0.002287688803799609,
      0.0008605695646962131,
      0.0005252633286835725,
      0.00028176527043700494,
      0.00021507015008729525,
      0.00047995185880783073,
      0.0014072644981810145,
      0.00037818550613047457,
      0.00014721252320785115
    ],
    "val_loss": [
      1.0817540884017944,
      0.7974886894226074,
      0.8440689444541931,
      1.4635179042816162,
      0.7242241501808167,
      0.6983882188796997,
      1.7327691316604614,
      0.7963552474975586,
      0.8579579591751099,
      1.3550606966018677,
      1.4146746397018433,
      1.5304455757141113,
      1.4807069301605225,
      1.5897924900054932,
      1.53335702419281,
      1.5761855840682983,
      1.496253252029419,
      1.7994660139083862,
      1.643938660621643,
      1.606788158416748
    ]
  }
}