{
  "labels_in_order": [
    "come",
    "idle",
    "phone",
    "play_phone",
    "stop",
    "wave"
  ],
  "label_to_number": {
    "come": 1,
    "idle": 2,
    "phone": 3,
    "play_phone": 4,
    "stop": 5,
    "wave": 6
  },
  "clip_model": "ViT-B-32",
  "clip_pretrained": "openai",
  "base_feature_dim": 512,
  "feature_dim": 7680,
  "hidden": 512,
  "num_frames": 8,
  "feat_agg": "concat",
  "use_diffs": true,
  "stride": 1,
  "metrics": {
    "train_acc": [
      0.5593639187356259,
      0.7901263300408709,
      0.872273936550668,
      0.9158244684655615,
      0.9304078018411677,
      0.9574135643370608,
      0.9702349298811973,
      0.9679078022216229,
      0.9878324473157842,
      0.991688829787234,
      0.9925199468085106,
      0.9940159574468085,
      0.9878324473157842,
      0.9936724298811973,
      0.9945146276595744,
      0.9913453022216229,
      0.9830119685923799,
      0.9788785469024739,
      0.9921764192428995,
      0.991688829787234,
      0.9901928191489362,
      0.9835217201963384,
      0.9858599298811973,
      0.9950132978723404,
      0.9971742021276596,
      0.9985039893617021,
      0.9983377659574468,
      0.9933399830726867,
      0.9951795212765957,
      0.9931848404255319
    ],
    "val_acc": [
      0.6576454639434814,
      0.7144789695739746,
      0.7131258249282837,
      0.6779431104660034,
      0.7645466327667236,
      0.7374830842018127,
      0.7063599228858948,
      0.7713125348091125,
      0.742895781993866,
      0.7401894330978394,
      0.7577807307243347,
      0.7442489266395569,
      0.7496616840362549,
      0.7320703268051147,
      0.742895781993866,
      0.7794316411018372,
      0.6955344676971436,
      0.7374830842018127,
      0.7550743818283081,
      0.7374830842018127,
      0.7307171821594238,
      0.7469553351402283,
      0.7658998370170593,
      0.7658998370170593,
      0.7550743818283081,
      0.7699593901634216,
      0.7658998370170593,
      0.7198917269706726,
      0.7307171821594238,
      0.7523680329322815
    ],
    "train_loss": [
      1.1763302404829796,
      0.5711681395769119,
      0.36365316253393254,
      0.24025821249852788,
      0.19223724055956018,
      0.1239551218385075,
      0.08949129093200603,
      0.0862627609514017,
      0.04166264606124543,
      0.03240256212116714,
      0.026631018181549424,
      0.020473358030629125,
      0.031600239867483206,
      0.02353843157253961,
      0.016515395364431824,
      0.022553926440292693,
      0.04752565420262436,
      0.05207143843847704,
      0.02627485933678938,
      0.02255857520256231,
      0.02916643547297931,
      0.05033031087046727,
      0.03608767662390552,
      0.01686014010362882,
      0.00869746634642534,
      0.006242606974410592,
      0.006299001274183343,
      0.022132831688801896,
      0.014864546056103675,
      0.019303666950362
    ],
    "val_loss": [
      0.8176384568214417,
      0.745143711566925,
      0.9421029090881348,
      1.3917934894561768,
      0.9864864945411682,
      1.287382960319519,
      1.694260835647583,
      1.0751001834869385,
      1.519411563873291,
      1.8059492111206055,
      1.3954246044158936,
      1.893973469734192,
      1.6540462970733643,
      1.8698434829711914,
      2.052799701690674,
      1.3484389781951904,
      2.1283905506134033,
      1.684488296508789,
      2.214340925216675,
      1.7839388847351074,
      2.5058999061584473,
      1.7129749059677124,
      1.7620822191238403,
      2.137106418609619,
      2.02290415763855,
      2.0133321285247803,
      1.913020133972168,
      2.5342564582824707,
      2.142184257507324,
      2.065279245376587
    ]
  }
}