{
  "labels_in_order": [
    "come",
    "idle_back",
    "idle_front",
    "none",
    "phone",
    "play_phone",
    "stop",
    "wave"
  ],
  "label_to_number": {
    "come": 1,
    "idle_back": 2,
    "idle_front": 3,
    "none": 4,
    "phone": 5,
    "play_phone": 6,
    "stop": 7,
    "wave": 8
  },
  "clip_model": "ViT-B-32",
  "clip_pretrained": "openai",
  "clip_feature_dim": 512,
  "pose_dim": 165,
  "hand_dim": 126,
  "hand_mask_dim": 126,
  "model_type": "fusion_temporal_mlp",
  "base_feature_dim": 929,
  "feature_dim": 7432,
  "hidden": 256,
  "proj_dim": 128,
  "num_frames": 8,
  "feat_agg": "concat",
  "stride": 1,
  "metrics": {
    "train_acc": [
      0.6627358490566038,
      0.9146521226415094,
      0.9560731132075472,
      0.9683077830188679,
      0.9796580188679245,
      0.9834905660377359,
      0.9876179245283019,
      0.9883549528301887,
      0.9901238207547169,
      0.9867334905660378,
      0.9837853773584906,
      0.9796580188679245,
      0.9976415094339622,
      0.9989681603773585,
      0.9951356132075472,
      0.9846698113207547,
      0.9923349056603774,
      0.9986733490566038,
      0.9908608490566038,
      0.9948408018867925
    ],
    "val_acc": [
      0.6184874176979065,
      0.7848739624023438,
      0.8605042099952698,
      0.8470588326454163,
      0.6890756487846375,
      0.8554621934890747,
      0.7731092572212219,
      0.7478991746902466,
      0.8117647171020508,
      0.8033613562583923,
      0.702521026134491,
      0.7798319458961487,
      0.8100840449333191,
      0.826890766620636,
      0.805042028427124,
      0.7378151416778564,
      0.8235294222831726,
      0.8100840449333191,
      0.778151273727417,
      0.8033613562583923
    ],
    "train_loss": [
      0.9296677440123738,
      0.23752470038620369,
      0.13259256924590412,
      0.09308961698816176,
      0.056429458674447576,
      0.04812926077174093,
      0.041701728842558364,
      0.034220468380020595,
      0.03257800640927118,
      0.03833633694217874,
      0.046040486656392945,
      0.0658380132042781,
      0.007532071484882112,
      0.003007800386392705,
      0.012133437881102337,
      0.047947831306716905,
      0.026060209655162977,
      0.0027659100409745973,
      0.02916918383002581,
      0.018230421030067483
    ],
    "val_loss": [
      1.5963085889816284,
      0.766205370426178,
      0.5244243144989014,
      0.7584453821182251,
      1.3749171495437622,
      0.8615338802337646,
      0.905128002166748,
      1.032204508781433,
      0.8781604766845703,
      0.9971343278884888,
      1.9598764181137085,
      1.0182976722717285,
      1.2799900770187378,
      1.449756383895874,
      1.1442365646362305,
      1.399474859237671,
      0.8479693531990051,
      1.1345041990280151,
      1.0664360523223877,
      1.0978004932403564
    ]
  }
}