{
  "labels_in_order": [
    "come",
    "idle_back",
    "idle_front",
    "none",
    "phone",
    "play_phone",
    "stop",
    "wave"
  ],
  "label_to_number": {
    "come": 1,
    "idle_back": 2,
    "idle_front": 3,
    "none": 4,
    "phone": 5,
    "play_phone": 6,
    "stop": 7,
    "wave": 8
  },
  "clip_model": "ViT-B-32",
  "clip_pretrained": "openai",
  "base_feature_dim": 512,
  "feature_dim": 4096,
  "hidden": 256,
  "num_frames": 8,
  "feat_agg": "concat",
  "stride": 1,
  "metrics": {
    "train_acc": [
      0.46020047169811323,
      0.7383549528301887,
      0.8359375,
      0.8803066037735849,
      0.9114091981132075,
      0.9438384433962265,
      0.9545990566037735,
      0.9600530660377359,
      0.9759728773584906,
      0.9834905660377359,
      0.9898290094339622,
      0.9882075471698113,
      0.9908608490566038,
      0.9930719339622641,
      0.9867334905660378,
      0.9927771226415094,
      0.9967570754716981,
      0.9952830188679245,
      0.996314858490566,
      0.9982311320754716
    ],
    "val_acc": [
      0.43865546584129333,
      0.529411792755127,
      0.5899159908294678,
      0.6151260733604431,
      0.7378151416778564,
      0.7226890921592712,
      0.6352941393852234,
      0.7579832077026367,
      0.7260504364967346,
      0.6957983374595642,
      0.7109243869781494,
      0.7008403539657593,
      0.7579832077026367,
      0.75126051902771,
      0.7277311086654663,
      0.7277311086654663,
      0.7630252242088318,
      0.7428571581840515,
      0.7462185025215149,
      0.7260504364967346
    ],
    "train_loss": [
      1.479461096367746,
      0.7616126880330859,
      0.4813472361497159,
      0.34432301600024384,
      0.26482593029175167,
      0.18960589746821602,
      0.14318537511774954,
      0.12842612931469702,
      0.08233448853364812,
      0.0591164404825079,
      0.04570980482835779,
      0.04393794760547297,
      0.034663248956554905,
      0.027059233193900786,
      0.038527834352176146,
      0.029667215193358232,
      0.016050693414279452,
      0.019704306454239588,
      0.016994442534303503,
      0.011327772187662118
    ],
    "val_loss": [
      1.4579970836639404,
      1.0353792905807495,
      1.1184227466583252,
      1.137093424797058,
      0.8897085785865784,
      0.8426949381828308,
      1.2133464813232422,
      0.7981699705123901,
      0.9444712400436401,
      1.1704463958740234,
      1.0609458684921265,
      1.3754860162734985,
      1.0024555921554565,
      0.869095504283905,
      0.9685604572296143,
      1.1624679565429688,
      1.078904151916504,
      1.2353073358535767,
      1.1207631826400757,
      1.4678466320037842
    ]
  }
}