{
  "labels_in_order": [
    "come",
    "idle",
    "phone",
    "play_phone",
    "stop",
    "wave"
  ],
  "label_to_number": {
    "come": 1,
    "idle": 2,
    "phone": 3,
    "play_phone": 4,
    "stop": 5,
    "wave": 6
  },
  "clip_model": "ViT-B-32",
  "clip_pretrained": "openai",
  "base_feature_dim": 512,
  "feature_dim": 4096,
  "hidden": 256,
  "num_frames": 8,
  "feat_agg": "concat",
  "stride": 1,
  "metrics": {
    "train_acc": [
      0.44991134772909447,
      0.7000110821521028,
      0.8035793443943592,
      0.8590979614156358,
      0.9059840428068283,
      0.9296320924099456,
      0.9407912239115289,
      0.959097961796091,
      0.9678967201963384,
      0.9705341318820385,
      0.9832114361702128,
      0.985195036264176,
      0.989849291583325,
      0.9870345744680851,
      0.9880208341365165,
      0.9870345744680851,
      0.9921875,
      0.9953346639237506,
      0.9960106382978723,
      0.9979942383918357,
      0.9979942383918357,
      0.9986369685923799,
      0.9944924648771895,
      0.9913563829787234,
      0.9928413128599207,
      0.985693706476942,
      0.9890181745620484,
      0.9743905149875803,
      0.9878435287069767,
      0.9975066489361702
    ],
    "val_acc": [
      0.5331528782844543,
      0.6481731534004211,
      0.6982408165931702,
      0.6968876719474792,
      0.7401894330978394,
      0.717185378074646,
      0.7253044247627258,
      0.7347766757011414,
      0.7131258249282837,
      0.7347766757011414,
      0.7307171821594238,
      0.7374830842018127,
      0.7266576290130615,
      0.7686061859130859,
      0.736129879951477,
      0.7604871392250061,
      0.7320703268051147,
      0.717185378074646,
      0.7456021308898926,
      0.7523680329322815,
      0.7550743818283081,
      0.7131258249282837,
      0.7320703268051147,
      0.7469553351402283,
      0.7320703268051147,
      0.7442489266395569,
      0.742895781993866,
      0.7212448716163635,
      0.736129879951477,
      0.7334235310554504
    ],
    "train_loss": [
      1.3107014469643856,
      0.6773065607598487,
      0.44496959907577394,
      0.3283426744189668,
      0.2264883985861819,
      0.17427006736397743,
      0.14269553501396737,
      0.10942214782884781,
      0.0820908422403513,
      0.06606410377401303,
      0.047160696565233015,
      0.04278229647613269,
      0.031529297205084496,
      0.035632202788157034,
      0.03290435358475735,
      0.03322016371493327,
      0.02386492680500638,
      0.014734931421426541,
      0.01442399715256699,
      0.009394054179713923,
      0.008687990394351568,
      0.007223034900504145,
      0.016541590277561323,
      0.018930130364482312,
      0.0196027594564007,
      0.035977419515318694,
      0.026633376775785013,
      0.05436289258439966,
      0.031824658540612526,
      0.009310047498884354
    ],
    "val_loss": [
      0.9610815048217773,
      0.793185293674469,
      0.8779739141464233,
      0.8417300581932068,
      0.827885627746582,
      1.0163781642913818,
      0.8680861592292786,
      1.0368525981903076,
      1.2528741359710693,
      1.146742343902588,
      1.3420722484588623,
      1.3205440044403076,
      1.5305650234222412,
      1.1016063690185547,
      1.4215959310531616,
      1.2415519952774048,
      1.4418023824691772,
      2.0740416049957275,
      1.732297658920288,
      1.527643084526062,
      1.5368701219558716,
      1.931992769241333,
      2.00010085105896,
      1.8703066110610962,
      1.8368369340896606,
      1.6902474164962769,
      1.4702545404434204,
      1.9992731809616089,
      1.6134960651397705,
      1.7325129508972168
    ]
  }
}