{
  "labels_in_order": [
    "come",
    "idle_back",
    "idle_front",
    "none",
    "phone",
    "play_phone",
    "stop",
    "wave"
  ],
  "label_to_number": {
    "come": 1,
    "idle_back": 2,
    "idle_front": 3,
    "none": 4,
    "phone": 5,
    "play_phone": 6,
    "stop": 7,
    "wave": 8
  },
  "clip_model": "ViT-B-32",
  "clip_pretrained": "openai",
  "clip_feature_dim": 512,
  "pose_dim": 165,
  "hand_dim": 126,
  "hand_mask_dim": 126,
  "model_type": "fusion_temporal_mlp",
  "base_feature_dim": 929,
  "feature_dim": 1858,
  "hidden": 256,
  "proj_dim": 128,
  "num_frames": 2,
  "feat_agg": "concat",
  "stride": 1,
  "metrics": {
    "train_acc": [
      0.5816115702479339,
      0.8355113637348837,
      0.8783057854195272,
      0.9134297523616759,
      0.9198347108423217,
      0.9335743804608495,
      0.9399535123966942,
      0.9546745867768595,
      0.9616477272727273,
      0.971978305785124,
      0.9697830578512396,
      0.9737345044277916,
      0.9736570247933884,
      0.9758006201302709,
      0.9695247933884298,
      0.9851497933884298,
      0.981404958677686,
      0.987474173553719,
      0.9879907024793388,
      0.9792871903782049
    ],
    "val_acc": [
      0.6303317546844482,
      0.5888625979423523,
      0.6244075894355774,
      0.5983412265777588,
      0.6244075894355774,
      0.6161137819290161,
      0.5900474190711975,
      0.6255924701690674,
      0.550947904586792,
      0.622037947177887,
      0.6161137819290161,
      0.6137440800666809,
      0.6090047359466553,
      0.5426540374755859,
      0.5627962350845337,
      0.6042654514312744,
      0.6327014565467834,
      0.6563981175422668,
      0.6327014565467834,
      0.5225118398666382
    ],
    "train_loss": [
      1.1381679955592825,
      0.47676216250608777,
      0.3539977952961094,
      0.2536362021053133,
      0.23483626128843993,
      0.18801502366203907,
      0.17096844124646227,
      0.13633876722613888,
      0.11059398344171441,
      0.08133709984869997,
      0.08909888488186662,
      0.07515129565515301,
      0.08123860140292605,
      0.06503106921926634,
      0.09390608595745746,
      0.04245939501946069,
      0.05432740777869485,
      0.037127882395178266,
      0.03287138369401978,
      0.06213253453443181
    ],
    "val_loss": [
      1.048298716545105,
      1.2706446647644043,
      1.3057385683059692,
      1.4149141311645508,
      1.5377676486968994,
      1.5223666429519653,
      2.066561460494995,
      1.9500255584716797,
      2.202813148498535,
      1.8825793266296387,
      1.7869759798049927,
      2.0138237476348877,
      2.2166171073913574,
      2.8003931045532227,
      2.3550097942352295,
      2.4281604290008545,
      1.999929428100586,
      2.1500396728515625,
      2.2708992958068848,
      2.4799277782440186
    ]
  }
}