{
  "labels_in_order": [
    "come",
    "idle_back",
    "idle_front",
    "none",
    "phone",
    "play_phone",
    "stop",
    "wave"
  ],
  "label_to_number": {
    "come": 1,
    "idle_back": 2,
    "idle_front": 3,
    "none": 4,
    "phone": 5,
    "play_phone": 6,
    "stop": 7,
    "wave": 8
  },
  "clip_model": "ViT-B-32",
  "clip_pretrained": "openai",
  "feature_dim": 512,
  "hidden": 256,
  "metrics": {
    "train_acc": [
      0.34581756373731104,
      0.5441854150314641,
      0.637900371377061,
      0.6804299829452018,
      0.7142994810895222,
      0.7356628470304536,
      0.7556463765904187,
      0.7659622929929718,
      0.773978483386156,
      0.7878775930986172,
      0.8051802986036471,
      0.8110325554522072,
      0.8255931105070967,
      0.8337976588466303,
      0.8416386319369804,
      0.8457781396261076,
      0.8546835576615682,
      0.8580608702287441,
      0.8671853096504522,
      0.8773479112764684
    ],
    "val_acc": [
      0.45080089569091797,
      0.6258580684661865,
      0.6418763995170593,
      0.7070937752723694,
      0.7128146290779114,
      0.7459954023361206,
      0.7540045380592346,
      0.7345537543296814,
      0.7654461860656738,
      0.7814645171165466,
      0.7917619943618774,
      0.790617823600769,
      0.7917619943618774,
      0.7951944470405579,
      0.8157894611358643,
      0.8089244365692139,
      0.8146452903747559,
      0.8169335722923279,
      0.8180777430534363,
      0.8215102553367615
    ],
    "train_loss": [
      1.7284424149893163,
      1.2381309285396482,
      0.9863789556472282,
      0.867653973703462,
      0.7879239243220507,
      0.7361528745027093,
      0.6887332302768056,
      0.6420567425770488,
      0.6206275440328489,
      0.58722912247588,
      0.5489721857919926,
      0.5217985590783562,
      0.49492127551295895,
      0.47259172143005745,
      0.44634832562954446,
      0.4297379705964065,
      0.41041197864020745,
      0.3921119977788227,
      0.3780890689875052,
      0.34824102838349535
    ],
    "val_loss": [
      1.4510780572891235,
      1.046336054801941,
      0.9274625778198242,
      0.8195499181747437,
      0.7924397587776184,
      0.7358137965202332,
      0.6961970329284668,
      0.7168592214584351,
      0.6705052852630615,
      0.6348484754562378,
      0.6046268343925476,
      0.5938446521759033,
      0.5781638026237488,
      0.5826045870780945,
      0.5480441451072693,
      0.5460623502731323,
      0.5368104577064514,
      0.5372800230979919,
      0.523907482624054,
      0.49790531396865845
    ]
  }
}