{
  "labels_in_order": [
    "come",
    "idle",
    "phone",
    "play_phone",
    "stop",
    "wave"
  ],
  "label_to_number": {
    "come": 1,
    "idle": 2,
    "phone": 3,
    "play_phone": 4,
    "stop": 5,
    "wave": 6
  },
  "pose_dim": 165,
  "hand_dim": 126,
  "hand_mask_dim": 126,
  "model_type": "marker_temporal_mlp",
  "base_feature_dim": 417,
  "feature_dim": 1251,
  "hidden": 256,
  "proj_dim": 128,
  "num_frames": 3,
  "feat_agg": "concat",
  "stride": 1,
  "metrics": {
    "train_acc": [
      0.48851140070769744,
      0.7547165054385945,
      0.8354898105233403,
      0.8765889830508474,
      0.9152290154311616,
      0.9168306094104961,
      0.9101846248416577,
      0.9348516949152542,
      0.9578919491525424,
      0.9634281679735346,
      0.9552436440677966,
      0.9655468120413312,
      0.9547139830508474,
      0.9698093220338984,
      0.9769597457627118,
      0.9655468120413312,
      0.9525827280545639,
      0.9798728813559322,
      0.9782712873765977,
      0.965042372881356
    ],
    "val_acc": [
      0.5625,
      0.704741358757019,
      0.7241379022598267,
      0.693965494632721,
      0.8426724076271057,
      0.795258641242981,
      0.7931034564971924,
      0.7715517282485962,
      0.8232758641242981,
      0.7349137663841248,
      0.8081896305084229,
      0.7284482717514038,
      0.8168103694915771,
      0.8275861740112305,
      0.8599137663841248,
      0.8556034564971924,
      0.7306034564971924,
      0.7521551847457886,
      0.806034505367279,
      0.7780172228813171
    ],
    "train_loss": [
      1.259671786073911,
      0.6140603751449262,
      0.429664666622372,
      0.33521218572632744,
      0.23633538843211482,
      0.23188915608798044,
      0.2366712421683942,
      0.19067229242142986,
      0.12372756591540272,
      0.10502149524577593,
      0.11990762274649183,
      0.10032040000719539,
      0.13416342209961454,
      0.09083954090947065,
      0.061625752937427516,
      0.09640845902642961,
      0.12693891510114833,
      0.061951142562142875,
      0.055568899367383476,
      0.0934463066396193
    ],
    "val_loss": [
      1.2300695180892944,
      0.7912928462028503,
      0.747758686542511,
      0.9564617872238159,
      0.7106785178184509,
      0.6947241425514221,
      0.7068905830383301,
      0.9511736631393433,
      0.891234278678894,
      1.3403793573379517,
      0.8974748849868774,
      2.11491060256958,
      0.8512921929359436,
      1.1123868227005005,
      1.2241355180740356,
      0.8597757816314697,
      1.7729880809783936,
      1.2630091905593872,
      1.1145557165145874,
      0.9814621210098267
    ]
  }
}