{
  "labels_in_order": [
    "come",
    "idle",
    "phone",
    "play_phone",
    "stop",
    "wave"
  ],
  "label_to_number": {
    "come": 1,
    "idle": 2,
    "phone": 3,
    "play_phone": 4,
    "stop": 5,
    "wave": 6
  },
  "clip_model": "ViT-B-32",
  "clip_pretrained": "openai",
  "base_feature_dim": 512,
  "feature_dim": 1536,
  "hidden": 256,
  "num_frames": 3,
  "feat_agg": "concat",
  "stride": 1,
  "metrics": {
    "train_acc": [
      0.39696376743140044,
      0.6377878807209156,
      0.7231957194981752,
      0.7707229874752186,
      0.8068919689567001,
      0.8327521775607709,
      0.8544780876901414,
      0.8785188126343267,
      0.8853185811528453,
      0.8999185893270705,
      0.9071769068638483,
      0.9178829253823669,
      0.9255875315931108,
      0.935871782678145,
      0.9436720223338516,
      0.9532574150297377,
      0.9556801241857035,
      0.9649639046854444,
      0.9600326623077746,
      0.9665676002149228,
      0.9746817129629629,
      0.9763933028335925,
      0.9799979400855524,
      0.9717881944444444,
      0.975235895426185,
      0.9820601851851852,
      0.9850983796296297,
      0.9865328779927006,
      0.9894263965112192,
      0.9881365740740741
    ],
    "val_acc": [
      0.4510344862937927,
      0.569655179977417,
      0.5379310250282288,
      0.6110345125198364,
      0.6206896901130676,
      0.644137978553772,
      0.6303448677062988,
      0.6620689630508423,
      0.5848276019096375,
      0.6082758903503418,
      0.617931067943573,
      0.6344828009605408,
      0.6413793563842773,
      0.6427586674690247,
      0.5944827795028687,
      0.6303448677062988,
      0.617931067943573,
      0.6413793563842773,
      0.6096552014350891,
      0.6275862455368042,
      0.6124138236045837,
      0.5820689797401428,
      0.6358621120452881,
      0.5862069129943848,
      0.5751724243164062,
      0.644137978553772,
      0.6248276233673096,
      0.5779310464859009,
      0.6082758903503418,
      0.6193103790283203
    ],
    "train_loss": [
      1.3939478331142001,
      0.8340357536519015,
      0.6407445732642103,
      0.5274529070765884,
      0.4441637885239389,
      0.3779626807404889,
      0.3315156345014219,
      0.28196418575114673,
      0.26091521205725493,
      0.22995453093338897,
      0.20551592677279754,
      0.19014776511876672,
      0.16222831244683927,
      0.14481102806274537,
      0.13112237666630083,
      0.10821958175963825,
      0.1032920573424134,
      0.08744212260676755,
      0.08597289905365971,
      0.07652774598035547,
      0.06383449805003626,
      0.05554033822759434,
      0.05052555013982648,
      0.07081342656682763,
      0.055919636661807694,
      0.04297350879534389,
      0.03754271402161707,
      0.03304238645446107,
      0.029444606388332666,
      0.029673913541180943
    ],
    "val_loss": [
      1.1707741022109985,
      1.0001031160354614,
      1.136956810951233,
      1.010480523109436,
      0.9780436754226685,
      0.9940990209579468,
      1.0928689241409302,
      0.9624440670013428,
      1.2429611682891846,
      1.2659516334533691,
      1.295668125152588,
      1.306085467338562,
      1.2920172214508057,
      1.4529117345809937,
      1.8540780544281006,
      1.7191282510757446,
      1.6335474252700806,
      1.717440128326416,
      1.6292731761932373,
      1.5648396015167236,
      2.016519069671631,
      2.1281046867370605,
      2.0864102840423584,
      2.316993236541748,
      2.1407783031463623,
      1.9557431936264038,
      1.9727848768234253,
      2.3819594383239746,
      2.6605336666107178,
      2.248941659927368
    ]
  }
}