{
  "labels_in_order": [
    "come",
    "idle",
    "phone",
    "play_phone",
    "stop",
    "wave"
  ],
  "label_to_number": {
    "come": 1,
    "idle": 2,
    "phone": 3,
    "play_phone": 4,
    "stop": 5,
    "wave": 6
  },
  "clip_model": "ViT-B-32",
  "clip_pretrained": "openai",
  "base_feature_dim": 512,
  "feature_dim": 7680,
  "hidden": 256,
  "num_frames": 8,
  "feat_agg": "concat",
  "use_diffs": true,
  "stride": 1,
  "metrics": {
    "train_acc": [
      0.4183732271194458,
      0.6974623228641267,
      0.8019060289606135,
      0.8574800535719446,
      0.8918882982527956,
      0.9168439723075704,
      0.9433067383918357,
      0.9532468978394854,
      0.9637411350899554,
      0.9679188829787234,
      0.9800421107322612,
      0.9783909574468085,
      0.9860150712601682,
      0.9835328022216229,
      0.9873559405194953,
      0.9896941489361702,
      0.9923537234042553,
      0.9928302308346363,
      0.9873670212765957,
      0.9943373234982186,
      0.9953346639237506,
      0.9964982277535378,
      0.9955119680851063,
      0.9955119680851063,
      0.9950132978723404,
      0.9931848404255319,
      0.9890070925367639,
      0.9785350180686788,
      0.9756981388051459,
      0.9707114366774864
    ],
    "val_acc": [
      0.5615696907043457,
      0.6441136598587036,
      0.7253044247627258,
      0.6982408165931702,
      0.7496616840362549,
      0.7198917269706726,
      0.7144789695739746,
      0.7185385227203369,
      0.7144789695739746,
      0.7523680329322815,
      0.7239512801170349,
      0.7253044247627258,
      0.7645466327667236,
      0.7415425777435303,
      0.7307171821594238,
      0.7713125348091125,
      0.736129879951477,
      0.7631934881210327,
      0.742895781993866,
      0.7347766757011414,
      0.7293639779090881,
      0.7591339349746704,
      0.7631934881210327,
      0.7293639779090881,
      0.6914749145507812,
      0.717185378074646,
      0.7307171821594238,
      0.7537212371826172,
      0.6968876719474792,
      0.6982408165931702
    ],
    "train_loss": [
      1.32672377850147,
      0.7072994261980057,
      0.4692172363717505,
      0.3445555906980596,
      0.2601884731111374,
      0.1958398646179666,
      0.1343726679444947,
      0.11115759967806492,
      0.08837361330602397,
      0.07410415834648178,
      0.05017700200860805,
      0.05637685951598464,
      0.03873705564740491,
      0.04186753871196762,
      0.03511337231487987,
      0.03376951473368768,
      0.025266442898700527,
      0.01999833905187614,
      0.03446972190818571,
      0.015821449951506517,
      0.013262221236723139,
      0.010709540328962054,
      0.012805458795442742,
      0.012133766253023072,
      0.013317865950855465,
      0.01853200809490134,
      0.027294743212900978,
      0.047007657696512786,
      0.06441260490596215,
      0.07911515441485384
    ],
    "val_loss": [
      0.9391655325889587,
      0.8263123631477356,
      0.7548851370811462,
      0.8798004388809204,
      0.7574163675308228,
      0.9877740144729614,
      1.1373317241668701,
      0.9855237007141113,
      1.2358182668685913,
      1.1604572534561157,
      1.3371456861495972,
      1.2876373529434204,
      1.1400421857833862,
      1.3760713338851929,
      1.4947624206542969,
      1.3437765836715698,
      1.6117892265319824,
      1.1883609294891357,
      1.544020414352417,
      1.678647756576538,
      1.6260263919830322,
      1.5219777822494507,
      1.6225855350494385,
      1.7194483280181885,
      2.0543432235717773,
      1.934023380279541,
      1.8934506177902222,
      1.4370383024215698,
      1.6804560422897339,
      2.017130136489868
    ]
  }
}